acc_x_1,acc_y_1,acc_z_1,acc_x_2,acc_y_2,acc_z_2,acc_x_3,acc_y_3,acc_z_3,acc_x_4,acc_y_4,acc_z_4,acc_x_5,acc_y_5,acc_z_5,acc_x_6,acc_y_6,acc_z_6
16170,48897,15975,16138,48957,48352,15931,49003,48806,16085,49000,16019,48948,48856,16170,48844,48747,16220
16242,48987,16038,16177,49015,48490,15974,49030,48836,16131,49033,16063,48913,48910,16221,48903,48705,16219
16233,48947,15834,16185,48982,48706,16025,49012,48868,16163,49011,16006,48820,48815,16172,48934,48748,16188
16227,48913,48555,16191,48944,48789,16096,48975,48889,16197,48967,15741,48770,48850,16213,48957,48770,16176
16245,48920,15420,16209,48976,48733,16079,49007,48901,16170,48996,15754,48795,48855,16217,48940,48791,16151
16195,48900,48390,16159,48935,48766,16058,48936,48899,16152,48949,48468,48733,48832,16198,48913,48725,16136
16248,48871,48400,16204,48946,48767,16111,49017,48926,16207,49020,15747,48899,48760,16162,48938,48797,16148
16313,48388,48769,16331,48763,48921,16210,48841,48990,16238,48929,48906,48828,15790,48276,48957,48765,16137
16256,48951,15713,16196,49012,48754,15894,48995,48943,16169,49022,15388,49008,48902,16159,48914,48655,16207
16291,48983,16028,16255,49063,48746,15949,49079,49022,16238,49090,15364,49030,48927,16160,48795,48588,16064
16066,49050,15947,16083,49042,48722,16128,48923,48917,16220,48910,48748,48925,48282,15872,48921,48729,16194
48526,15436,48947,48971,49083,15771,49072,49053,48778,48949,49048,16165,48680,49157,16412,48934,48652,16241
16212,48918,48708,16188,48937,48824,16076,48956,48898,16167,48945,48539,48663,48799,16233,48960,48684,16168
16260,48921,48687,16240,48947,48870,16162,48988,48920,16237,48963,48616,48733,48619,16214,48981,48761,16103
16318,48863,48681,16276,48943,48896,16183,48899,48977,16229,48910,48854,15774,48872,16239,48989,48781,16113
16176,48945,48783,49232,49286,16157,49040,49059,16058,16323,49003,16193,48828,48910,16368,48992,48745,16187
16198,15940,48880,16233,15650,48807,16183,48751,48925,16209,48769,48912,48662,48828,16233,48960,48606,16089
16327,15900,48872,16271,16055,48960,16234,16095,48941,16189,15412,48961,48653,48767,16147,48999,48773,16003
16451,16312,48991,16428,16385,49042,16370,16222,48972,16318,16040,49007,16113,48811,16141,48912,48875,15938
16239,47680,48922,16258,48559,48910,16216,48899,48905,16261,48875,48774,15906,48256,16265,48992,48749,16032
16287,48582,48895,16278,48749,48932,16187,48922,48937,16229,48932,48762,15629,16062,16249,49027,48788,15943
16406,16184,48820,16452,16368,49017,16228,16116,49060,15502,48902,48845,48948,49063,16335,49001,48720,48668
16192,16066,48846,16216,16033,48737,16209,15761,48836,16177,15961,48915,16005,48276,16233,49009,48683,15538
16182,48790,48606,15945,49021,15951,16040,49034,48744,16249,48780,48573,15744,48942,16373,49010,48660,15812
48184,48767,48920,15921,48838,48794,48780,49116,48768,16167,48990,15972,15980,49071,16375,49033,48515,16038
16200,15706,48932,16223,15937,48921,16240,48651,48881,16237,15594,48832,16069,15724,16238,49003,48761,16012
16289,48642,48809,16269,48689,48869,16169,48911,48932,16213,48862,48793,48470,48963,16309,49001,48774,15948
16235,15993,48898,16261,15877,48821,16182,48703,48946,16195,48763,48929,48703,48789,16258,48996,48376,16043
16247,48647,48817,16263,48451,48836,16184,48826,48975,16230,48870,48946,48598,48790,16257,48981,48612,48519
16285,15698,48889,16261,15729,48944,16172,48560,48959,16182,15889,48947,48842,48896,16260,49014,48677,15923
16240,48800,48795,16260,48892,48780,16177,48913,48991,16267,48644,48931,15667,48882,16216,48989,48590,16106
16395,16071,48934,15576,49171,16082,48949,49050,48441,16174,48937,15888,15930,49121,16384,48994,48747,16051
16215,48947,48312,16187,48991,48817,16064,49001,48936,16224,48939,48735,15970,48702,16173,48999,48683,16110
16228,48858,48532,16194,48898,48850,15975,48958,48938,16138,49010,48669,48924,48884,16189,48884,48738,16200
16032,48967,48455,15786,48916,48896,48857,48780,48868,47616,48936,48575,48920,48918,15846,48887,48160,16262
16384,15911,15934,16389,16168,48902,16216,48888,48984,16227,48955,48834,48858,48917,15740,15460,48802,16255
16069,48983,16121,15616,48982,48663,48919,48968,48793,48598,49013,15896,48958,48976,15937,48274,48642,16260
15934,49022,16107,48527,49041,48824,48969,48973,48919,48599,49059,15647,48977,48958,48767,15932,15641,16217
16051,49036,16220,48435,49121,15914,48913,49054,48809,48523,49003,15723,48921,48847,15778,15803,15823,16244
16113,48995,16081,15885,49010,48662,48869,48951,48779,48642,48998,15870,48970,48944,16018,48740,48582,16267
16203,16050,48907,16292,16015,48958,48832,48905,49047,15827,49045,48815,49008,48896,48613,48719,48416,16236
16192,48963,15681,16151,48987,48795,48479,48972,48896,16086,48994,48491,48938,48800,16157,48848,48700,16186
16175,49007,15881,48710,49088,48645,48877,49038,48818,16031,49014,15915,49018,48996,16276,48868,48734,16196
16151,48917,48336,16104,48946,48780,48658,48947,48854,16086,48982,15562,48990,48828,16099,48891,48703,16241
16156,48948,15586,16083,48975,48782,48657,48965,48902,16098,48981,48258,48987,48816,16035,48871,48630,16246
16255,49017,16067,48236,48981,48764,15777,48966,48826,16166,48971,15424,49002,48964,16227,48826,48801,16228
16151,48982,15935,15988,49023,48633,48845,48958,48796,15826,48995,15903,48918,48236,16057,48898,48648,16229
16176,48922,15812,16140,48964,48731,48386,48972,48861,16054,49005,15700,48971,48805,16192,48824,48692,16232
48517,48964,48422,16282,15761,48904,16162,48909,49046,16219,48930,48976,48792,16250,48970,48787,48454,16227
16155,48987,15750,16055,48980,48814,48779,48944,48857,16039,48970,48306,48955,48808,16047,48906,48615,16252
16187,48983,15900,16133,49020,48779,48674,49009,48934,16144,49020,48635,48955,48808,16051,48847,48691,16209
48276,49141,16119,48923,49174,15944,48764,49062,48538,16163,48947,48405,48950,48956,16227,48821,48342,16236
16152,48950,15602,15991,48977,48765,48776,48975,48857,15997,48997,15416,48923,48592,16083,48917,48602,16197
16128,48927,15878,16053,48967,48619,48428,48988,48787,16028,48994,15858,48933,48848,16193,48841,48611,16225
16186,48949,15994,16134,48999,48522,47984,49026,48794,16104,49017,15902,48918,48822,16180,48885,48664,16224
16157,48992,16008,15566,49078,15388,48952,49098,48724,15998,49046,16064,49044,49059,16291,48843,48654,16245
16145,49021,16066,16055,49036,48607,48783,49037,48809,16105,49031,15994,49015,49019,16206,48817,48742,16227
16215,48988,16022,16143,49036,48657,15781,49037,48905,16191,49008,15622,48857,48404,16054,48906,48680,16196
15895,16254,48820,16140,48668,48746,48915,48780,48953,48811,48940,14720,49044,48864,16152,48847,15824,16247
16175,48998,16058,16036,49057,48747,48967,49115,48844,16001,49081,16041,48993,49068,16305,48805,48726,16224
16256,49012,16105,16188,49046,48770,48559,49038,48926,16107,49044,15400,48920,48607,16067,48940,48563,16174
16012,49004,16116,48914,49058,48653,49106,49105,48434,48893,49136,16162,48957,49155,16334,48885,48682,16239
16060,48943,16133,16012,48960,48672,48662,48964,48830,16038,48996,15304,48954,48923,15647,48643,48666,16251
48965,48934,15920,16412,16488,49178,16128,16355,49083,48718,48857,48950,49210,16376,49214,48708,48684,16281
16201,48968,16251,16016,48815,48896,48953,48724,48904,48785,48937,48663,49083,49116,48612,48825,48579,16240
16012,48965,16164,16003,49020,48545,48843,49001,48797,15909,49037,15878,48986,48897,48312,48730,48632,16227
15893,48984,16055,49158,49215,15979,49135,48655,15855,49038,48775,15656,49005,49091,16231,48838,48628,16272
16202,48941,16183,16140,48974,48703,48737,48954,48897,15640,49025,48204,48966,48639,15940,48822,48709,16230
16241,48838,16065,16084,48990,48703,48860,48928,48801,15906,48993,15883,48942,48804,15550,48902,48791,16262
15973,49026,16161,48792,49168,15858,48781,49007,48774,16110,48991,48480,48987,48829,48733,48391,48426,16227
16332,48896,16150,15360,49041,48761,48662,49034,48901,16108,49034,48647,48989,48937,16013,48638,48651,16242
48839,49031,16077,49056,49158,48914,49042,16098,48846,48953,48817,48797,16017,48999,16288,48768,48486,16243
16122,48965,16116,16002,49007,48659,48766,48978,48838,15937,48997,15336,48870,48928,16158,48799,48460,16250
16128,48982,16093,16014,49026,48686,48780,49000,48852,15911,49027,15512,48924,48878,16139,48840,48542,16232
16183,48974,16114,16108,49020,48628,48671,49023,48840,16027,49027,15652,48933,48875,16194,48845,48714,16221
16052,49024,16138,16110,49034,15756,15784,49057,48840,16171,49031,15780,48932,48829,16167,48865,48772,16244
16383,48459,15805,48702,49135,15962,49077,49155,48421,48786,49118,16211,49128,49208,16439,48890,48793,16207
16058,48869,15632,16000,48885,48761,48693,48892,48784,15954,48914,15859,48990,48753,16027,48904,48681,16241
16181,48911,15920,16111,48924,48788,15774,48906,48898,16129,48850,48686,48841,48799,16031,48899,48660,16243
15628,49103,16149,48929,49178,16050,48914,49076,15863,16035,48977,16059,49014,49012,16288,48900,48611,16256
16228,48991,16066,16144,49027,48668,48528,49017,48872,16098,48999,15707,48843,48411,16166,48929,48790,16199
16171,48893,15913,16138,48953,48678,15528,48987,48829,16069,49006,15821,48947,48785,16225,48888,48780,16197
16097,48965,16024,15943,49001,48603,48778,48989,48789,15933,49008,15817,48940,48894,16168,48890,48602,16236
16184,48925,16022,16130,48969,48627,15544,48965,48833,16107,48961,48296,48937,48886,16129,48870,48653,16232
16224,48889,15945,16110,49006,48655,48683,48983,48862,16076,49003,47616,49001,48779,16128,48894,48657,16213
15825,48734,48248,16150,48997,48622,48382,49043,48884,16183,49032,48356,48973,48861,16049,48897,48627,16262
16149,48958,16090,16019,49018,48558,48697,48988,48837,16061,48978,15755,48969,48770,15978,48826,48600,16235
16163,48953,16131,16023,49045,15830,48875,49084,48730,16040,49069,16073,48984,49034,16263,48802,48624,16230
48890,49081,16212,16164,48710,48899,16216,48802,48964,16140,48968,48732,49072,16173,48950,48797,48539,16243
16190,48904,16094,16132,48994,15747,47888,49025,48771,16109,49004,15933,48956,48825,16185,48834,48643,16242
16189,48936,16134,16122,49034,15728,48643,49039,48803,16091,49035,15939,48974,48860,16149,48823,48661,16229
16187,48906,16092,16129,48980,48547,48685,48999,48844,16047,49016,15836,48982,48814,16030,48799,48662,16227
48878,49115,16155,48577,49169,15899,16042,49058,48822,16243,48946,48380,48817,16248,48983,48845,48516,16284
16098,48940,16036,16031,48998,48778,48795,48979,48891,16002,49022,15659,48985,48865,15959,48780,48629,16232
16051,48937,16038,15898,48965,48732,48803,48935,48823,15882,48978,15792,48986,48825,15784,48714,48658,16247
16029,49035,16183,15988,49034,48696,15629,49004,48915,16145,49005,48562,48980,48696,48519,48735,48668,16235
16145,49049,16276,16029,49041,47680,15797,49044,48870,16171,49020,15664,49006,48901,16058,48780,48723,16261
16176,48949,16182,16009,49032,15827,48815,49011,48679,15803,49024,16011,48951,48775,16107,48853,48657,16237
16146,48919,16141,16033,49012,15664,48760,49015,48775,15950,49020,15948,48963,48882,16073,48773,48697,16240
16133,48903,16095,16040,48963,48646,48773,48959,48839,15997,48988,15788,48983,48823,15956,48780,48685,16226
16094,49029,16178,15913,49038,48687,48484,48943,48883,16078,48958,48678,48938,16053,48817,48775,48686,16251
16405,49098,16279,49185,49319,16180,49101,49199,16261,16208,49049,16239,47936,16026,48629,48825,48804,16305
16077,48939,16033,15917,48966,48817,48866,48930,48882,15769,49008,15542,48988,48908,15803,48662,48665,16246
48350,49058,16184,48758,49080,48518,48120,48880,48807,16015,48897,48755,48966,15902,48922,48590,48656,16249
16144,48929,16137,16090,49020,15498,48328,49025,48819,16091,49025,15860,48998,48784,15885,48784,48701,16242
16165,49008,16194,16016,49028,15755,48687,48940,48689,15957,48895,15909,48951,48724,16080,48933,48640,16251
16141,48925,16130,15918,49067,16013,48883,49074,48443,15985,49060,16091,48956,49029,16230,48783,48681,16236
16205,48945,16146,16089,49058,48394,48678,48958,48878,16095,49011,48290,48979,48742,15526,48777,48731,16227
16155,49001,16118,15958,49036,48757,48868,48987,48839,15909,49039,15808,49012,48908,15953,48826,48636,16230
16135,48961,16068,16026,49013,48779,48845,48993,48900,16006,49047,15540,48993,48919,15990,48737,48637,16219
16130,48937,16068,16019,48985,48682,48733,48963,48848,16008,48987,15392,48965,48898,15909,48803,48681,16245
16225,48885,16128,16172,48926,48452,48576,48951,48449,15897,48966,15981,48949,48772,16043,48902,48780,16241
16149,48874,16131,16131,49032,16004,48585,49067,15344,16109,49048,16026,48980,48889,16133,48828,48703,16222
16122,48898,16142,15985,49054,16008,48734,49051,48749,16139,49039,15912,48961,48870,16058,48799,48690,16226
16265,15594,15846,48807,49172,16139,49058,49066,15904,48437,49009,16131,49044,49081,16326,48893,48732,16256
16141,48932,16085,16048,48992,48708,48796,48973,48901,16035,49015,48286,48975,48866,16001,48835,48650,16226
16134,48934,16093,16059,48993,48585,48684,48994,48886,16070,49009,48286,48969,48909,15950,48838,48632,16255
15837,48952,16087,16155,48832,48808,48682,48941,48868,16025,48947,48336,48928,48877,16139,48876,48685,16255
16134,48938,16085,16060,49015,15763,48709,49031,48721,16063,49026,15909,48999,48850,16066,48823,48722,16236
15675,49118,16277,48843,49168,16206,16045,48912,48854,16177,48844,48501,49031,15902,48859,48799,48544,16224
16192,48955,16142,16129,49024,15907,48567,49027,48584,16029,49001,15934,48920,48769,16098,48843,48692,16206
16198,48901,16050,16158,48935,48709,15719,48978,48873,16097,48985,48376,48965,48609,15905,48854,48695,16231
16162,48935,15959,16117,48956,48718,48645,48975,48911,16056,49008,48391,48948,48873,16023,48843,48608,16249
16173,48920,16001,16157,49041,48679,48754,49043,48925,16153,49055,48568,48973,48931,16028,48806,48727,16222
16141,48942,16017,15983,49020,48460,48954,49085,48736,15566,49079,16108,48935,49072,16311,48786,48647,16261
16218,48912,16144,16169,49018,15944,15680,49035,48719,16145,49001,15990,48927,48861,16151,48843,48753,16240
16054,48934,15908,16001,48980,48738,48795,48932,48851,16044,48975,48244,48931,48922,15906,48831,48724,16258
48873,49162,16229,48931,49178,15973,48808,48836,48780,48665,48911,48667,49065,48324,48957,48780,48513,16242
16068,48963,16033,15881,49002,48654,48814,48981,48829,15919,49001,15664,48908,48939,16108,48794,48689,16253
16106,49006,15999,15966,49022,48827,48921,48974,48857,15922,49040,15518,48959,48933,15814,48788,48695,16234
16127,48990,16141,16007,49033,48469,48652,48991,48850,16080,48985,48288,48928,48917,15685,48678,48762,16247
16052,48966,16151,15798,49017,15372,48899,48969,48726,48644,49021,15956,48979,48860,15746,48759,48696,16242
16140,48843,16087,16006,48951,48634,48895,48953,48811,48451,49015,15742,49004,48857,48370,48655,48696,16221
48647,48929,15979,15804,49038,48522,48888,49002,48782,15844,49005,15913,48957,48895,48509,48781,48738,16260
16049,48978,16124,15768,49020,48660,48907,48963,48787,15536,49016,15888,48976,48905,48521,48560,48657,16252
16113,48873,15867,16118,48933,48794,48675,48947,48932,15994,49035,48625,49051,49014,16043,15949,48643,16251
16211,49054,15934,16066,49039,48902,48799,48973,48962,16019,49006,48730,48918,48803,16076,48970,48686,16157
48898,49097,48354,48986,49141,48769,48869,48883,48669,48831,48976,48064,49026,48859,16209,48976,48405,16233
16216,48905,48775,16182,48923,48903,15955,48942,48986,16163,48972,48841,48739,48902,16246,48937,48768,16176
16242,48765,48868,16216,48620,48968,15953,48748,49027,16159,48930,48952,48907,48770,16129,48934,48699,16163
16219,48967,48755,16161,48906,48938,48483,48840,48998,16054,48973,48903,48897,48951,16181,48942,15488,16176
16170,48936,48792,16136,48911,48930,48562,48898,48992,16082,48975,48880,48888,48918,16149,48939,48591,16180
16169,48830,48879,16163,48781,48943,15922,48804,49003,16136,48918,48921,48892,48953,16188,48925,48523,16192
16237,48879,48880,16209,48840,48953,16056,48867,49024,16191,48909,48932,48793,48905,16232,48974,48566,16131
16434,16309,49027,16419,16412,49136,16414,16278,49139,16326,16177,49100,15800,16311,49107,48917,48908,15970
16255,15775,48929,16258,48446,48937,16170,48839,48989,16238,48853,48910,48405,48846,16255,48985,48689,16061
16198,48693,48901,16218,48734,48901,16142,48823,48973,16211,48849,48920,48610,48852,16271,49002,48705,15912
48588,49007,48863,16275,48859,48766,15955,48952,49048,16221,48921,48976,16212,15832,15901,49032,15882,16144
16238,48720,48868,16222,48770,48907,16069,48841,48992,16177,48866,48934,48598,48853,16226,49011,48609,16028
16214,48236,48903,16215,48614,48904,16107,48802,48987,16187,48802,48936,48687,48892,16238,48992,48586,16072
48686,49107,48549,15941,49028,48686,16228,15903,48880,16232,16051,49012,48600,16265,48828,49008,48427,16099
16324,16211,48919,16327,16154,48939,16317,48342,49034,16324,15837,49016,16044,48468,15847,48911,48837,16024
16206,15368,48941,16211,47744,48948,16172,48670,48957,16207,48674,48890,15996,15344,16230,48995,48680,15947
16130,16137,48915,16180,16129,48813,16180,15970,48873,16141,16033,48900,15488,48709,16231,49010,48703,16010
15364,49127,15919,15965,48805,48689,16136,49017,48678,16241,48831,15780,15893,49153,16415,49023,48648,16029
16206,15932,48914,16225,48413,48846,16168,48887,48941,16223,48833,48843,15957,48911,16293,49006,48654,16000
16229,15850,48864,16258,48160,48871,16158,48786,48997,16221,48827,48944,48605,48864,16256,48994,48668,15782
16215,15548,48913,16239,15452,48918,16221,48785,48985,16271,48682,48917,16011,48657,16230,48988,48716,16026
16353,48829,15708,16251,48681,48811,15806,48952,48990,16041,48769,48931,16241,16140,15964,49047,16046,16178
16208,16074,48912,16205,15927,48822,16123,48791,48931,16170,48715,48843,15768,49091,16362,49021,48306,15899
16170,16059,48972,16193,16063,48959,16190,15981,48945,16191,15976,48922,16071,15856,16218,49022,48740,15880
16224,15899,48913,16238,48008,48900,16191,48787,48938,16231,48701,48882,16054,15868,16243,49021,48803,15703
16224,15986,48908,16224,15911,48902,16179,48330,48961,16200,15432,48954,16155,14912,16181,49027,48689,48450
16286,16378,48974,16198,16247,48952,16160,16165,49001,16101,16112,49050,16036,48424,16208,49012,15540,48765
16208,16015,48915,16221,15981,48898,16156,15716,48976,16139,15200,49009,16123,48827,16223,49038,48378,48662
16189,16105,48908,16232,16058,48879,16192,15898,48980,16170,15879,49011,16108,48865,16247,48999,48332,48460
15780,48856,48883,48814,48909,48419,16002,48761,15842,16083,15935,48753,15902,49098,16394,49039,14720,15640
16197,48617,48904,16215,48693,48904,16156,48786,48952,16163,48797,48900,16146,16071,16135,49056,48754,48604
16147,16177,48908,16233,16145,48804,16213,16036,48940,16145,16007,49001,16061,48900,16233,48977,15694,48651
16188,15922,49019,16266,16058,49048,16074,48584,49051,16175,48897,48942,49198,16289,49081,48882,48649,16262
16205,49029,16027,16086,49052,48545,48694,49040,48824,16048,49025,15928,48944,48810,16039,48488,48734,16199
48662,49023,16095,48887,49016,15504,48991,48919,15823,48865,48972,16097,48955,48722,48908,16073,15959,16239
48819,48978,16140,48936,49009,16008,48997,48941,16039,48906,48962,16145,48968,48756,48863,16140,15894,16223
15865,15786,16171,49071,49125,16240,49186,49082,16277,48978,49040,16308,48922,49170,16306,16218,15834,16213
48696,48934,16144,48836,48963,15961,48911,48926,15885,48864,48931,16062,48943,48765,48923,16139,15947,16205
15973,48919,16140,15747,49000,16041,48851,49011,15819,48545,49018,16138,49030,48833,16051,16058,15584,16227
16042,48982,16156,15740,49026,15993,48885,48995,15630,48558,48993,16104,49025,48696,15770,15783,48422,16252
16140,48804,15956,16219,16132,48867,48976,48920,48816,49030,49088,16202,49075,49124,16138,16012,15740,16239
48278,48942,15993,48679,48950,48519,48926,48894,48180,48769,48970,16058,49008,48829,48748,15970,15891,16254
48112,49008,16022,48745,49025,48624,48977,48956,48642,48800,49032,16083,49029,48844,48804,16013,15939,16240
16226,16229,48606,16207,15834,48722,48960,48774,48883,48839,49028,15964,49047,48936,48762,16025,15901,16242
16198,16067,48750,16220,16260,48950,48853,16249,48923,48846,48584,48899,49283,16229,49155,15838,15926,16227
15946,48923,16156,47952,48968,16041,48845,48949,15907,48718,48948,16116,49004,48843,15964,15911,48184,16258
48428,48942,16135,48768,48993,16022,48947,48963,15876,48812,48993,16121,48990,48740,48603,16010,15828,16248
16118,15416,16082,48736,49013,16066,49094,49124,16007,48943,49133,16263,49012,49152,16231,16166,15524,16177
48728,48969,16018,48836,48973,48360,48966,48899,15620,48875,48967,16091,48978,48830,48893,16073,16005,16230
48685,48979,16094,48830,48988,15753,48964,48903,15707,48865,48957,16080,48951,48793,48918,16115,15932,16229
48814,49044,16162,48961,49045,15899,48968,48949,15933,48847,48975,16134,48948,48931,48758,16118,48318,16235
16157,16153,16008,16111,48703,15945,49028,48935,48318,48825,49054,16143,48946,48984,48666,16123,15648,16207
48556,49025,16178,48800,49019,15989,48920,48845,15740,48823,48897,16020,49038,48791,48647,15825,15832,16200
48697,48851,16123,48788,48911,16002,48916,48813,15940,48862,48907,16090,48992,48900,48292,16109,15740,16245
15934,48990,16162,48457,49029,16023,48902,48995,15707,48711,48988,16115,48987,48852,48567,16055,48264,16224
15840,48919,16033,48577,48937,15494,48896,48916,48535,48792,48942,16033,48954,48804,48796,15992,48390,16256
49013,49192,16188,49033,49172,16002,15712,48845,48443,16186,48813,48725,49115,16185,49083,16141,15843,16240
48407,49045,15881,48839,49028,48813,49022,48919,48588,48847,49025,16059,48954,48836,48903,15907,15944,16228
48659,49024,15898,48847,49001,48781,48987,48903,48643,48818,49003,16022,48970,48864,48902,16030,15926,16257
48471,49041,15913,48306,48981,48852,48914,48896,48882,48673,48999,48509,49013,15807,48995,15977,15950,16225
48933,49154,16134,49000,49111,48597,48900,48821,48707,48792,48886,48657,49033,16245,49135,15950,15904,16238
15921,48956,16071,48668,48946,48473,48979,48908,48542,48893,49028,16046,49038,48912,15855,15850,48475,16226
15384,49001,16100,48784,49028,15798,48958,48965,48442,48820,49016,16032,48996,48947,15986,15982,15436,16244
15909,48938,16055,48334,48966,48274,48903,48935,48698,48661,48998,15936,48988,48812,48814,16016,15476,16257
16138,48912,15994,16157,48859,48859,48503,48734,48966,15392,48965,48795,48964,16059,49021,16030,48268,16195
48477,48973,48626,48779,48908,48905,48954,48729,48759,48845,48938,15818,48922,48913,48772,15008,15937,16265
48655,49019,47776,48830,48973,48855,48977,48850,48733,48811,48982,15892,48936,48889,48837,15915,15907,16251
48919,49156,16087,49096,49178,15576,49067,49112,16066,48875,49029,16125,48821,49020,16026,15829,15913,16257
15930,49012,16097,48550,49028,48352,48912,48970,48753,48625,49006,15825,48940,48942,15749,15974,15817,16253
15862,48957,16120,48646,48970,15841,48897,48915,48216,48754,48949,15987,48970,48914,15805,15881,15344,16261
15803,49001,16157,48618,49017,15924,48906,48969,48338,48740,48977,16021,48960,48782,48803,15935,47888,16266
16148,16098,48520,16388,16356,48957,48842,15364,49049,48988,49037,48649,49030,49078,16134,15965,15909,16169
15946,49062,16019,48690,49061,48832,49021,49004,48641,48656,49064,16047,48993,48915,48789,15806,15875,16203
15734,49036,15964,48715,49033,48806,48978,48958,48697,48657,49032,16004,48958,48904,48779,15889,15870,16224
15966,48987,16020,48594,49015,48759,48963,48949,48779,48798,49024,15872,48947,48924,48716,15941,15608,16249
16278,16190,48625,16290,16237,48908,15670,15915,48974,48682,48942,48832,49197,16184,49110,16025,15678,16212
15704,48961,16093,48717,48966,15592,48924,48914,48411,48814,48969,15990,48992,48902,15514,15932,15578,16260
15962,48972,16154,48492,49024,15927,48929,48972,15623,48767,49004,16052,48993,48897,15522,15939,48516,16252
48807,49035,16105,48935,49065,15850,48956,48978,15845,48585,48963,16092,48932,48909,15776,16013,47984,16270
48646,48943,15735,48772,48928,48781,48944,48820,48397,48750,48964,15999,48938,48871,48832,15983,15897,16254
48384,48986,15916,48745,48980,48777,48959,48904,15640,48723,49008,16019,48959,48928,48833,16004,15941,16260
16246,16176,48575,16156,15914,48827,48974,48829,48943,48861,49044,48064,49001,48388,48930,16002,15865,16217
48457,48955,15951,48805,48945,48784,48958,48883,48695,48792,48981,15831,48941,48873,48889,15975,15925,16263
48952,49100,16066,48848,49027,48879,48867,16018,48809,48853,48818,48591,49109,16066,49073,15886,15894,16258
48563,48992,16130,48853,49004,15793,48982,48927,48172,48884,48994,15992,48975,48897,48541,15967,15740,16246
15673,48946,16151,48698,48990,16002,48917,48948,15827,48789,48979,16042,48981,48911,15779,16012,48389,16248
15248,48983,16114,48752,49020,15779,48961,48981,48450,48857,49034,16040,49024,48836,48618,15959,48032,16250
15584,49047,16087,48799,49041,48575,48960,48998,48589,48774,49027,16073,48992,48942,15683,15840,48144,16257
15404,49026,15626,48756,49020,48859,49008,48945,48704,48723,49041,16021,48998,48891,48798,15754,15921,16228
15844,49009,15781,48691,48973,48856,48954,48885,48772,48532,48985,15721,48909,48877,48766,15887,15865,16256
16257,15894,15795,16253,48641,48774,16169,49027,48958,16271,48997,48770,48823,48905,48740,16148,48805,16248
16211,48959,48620,16100,48988,48934,48797,48969,48948,15823,48988,48775,48736,48906,15915,48751,48516,16252
16193,48997,48807,16139,48978,48947,48841,48970,48967,16042,49041,48861,48901,48962,16108,48922,15834,16179
16156,48977,48837,16082,48928,48966,48798,48904,48991,16005,48980,48901,48898,48945,16039,48903,15832,16221
16143,48946,48834,16082,48915,48949,48724,48909,48980,16025,48994,48894,48923,48983,16073,48843,15846,16233
48535,49048,48848,16019,48920,49014,15594,48625,49018,16033,48961,48940,48538,16027,48831,48907,15933,16243
16088,49014,48797,15921,48987,48930,48804,48954,48948,15967,49013,48804,48838,48930,16165,48925,15823,16216
16138,48972,48788,16047,48953,48918,48640,48943,48944,16051,48981,48809,48776,48896,16165,48921,15272,16193
16193,48950,48721,16141,48949,48903,15504,48959,48955,16121,48997,48803,48912,48892,16208,48907,48673,16225
16257,48688,48815,16339,48867,48913,16004,49007,49094,16160,49062,48990,48927,48790,16057,48836,16053,16211
16156,48791,48958,16137,48228,48967,15746,48600,49000,15944,48884,48969,48488,48956,16147,48996,15967,16146
16199,48914,48917,16152,48856,48982,48531,48900,49030,16091,48989,48957,48797,48946,16160,48960,15781,16139
16398,16380,49002,16312,16168,49010,48840,48807,49045,15830,49010,48940,48869,49008,16212,48915,48635,16183
16164,48807,48924,16171,48764,48956,15979,48848,49014,16154,48905,48954,48755,48947,16193,48949,15750,16157
16321,49025,48699,16302,49010,48933,16155,48967,49015,16274,48704,48953,16100,48918,16311,48901,48668,16050
16176,48757,48932,16168,48742,48949,16040,48869,48975,16164,48898,48907,48392,48837,16260,48967,48512,16153
16208,48822,48917,16189,48817,48947,16037,48917,48976,16180,48925,48891,48278,48730,16210,48987,48514,16128
16359,16291,48670,16144,16181,48961,16042,16133,48924,15793,15764,48885,48962,48851,16284,48956,48424,16067
16191,48745,48833,15534,48983,48696,48912,49057,16024,16129,48823,16067,15880,48991,16376,49042,48427,16135
16284,48720,48802,16276,48809,48861,16240,48946,48961,16291,48809,48905,16119,48370,16229,49026,48755,15714
16269,15940,48856,16277,48453,48843,16226,48914,48938,16271,48788,48862,15638,15708,16251,49001,48655,15999
16226,48557,48830,16213,48676,48811,16170,48843,48897,16223,48446,48832,16127,15838,16228,49032,48641,15898
16276,16197,48842,16261,16020,48806,16193,48619,48919,16247,15942,48898,15971,48797,16304,48994,48718,15952
16196,16122,48826,16267,48421,48692,16164,48924,48961,16223,48902,48904,48595,48619,16265,49013,48625,15544
16177,15847,48643,16181,15574,48308,16152,48703,48786,16172,15809,48748,15812,15912,16194,49000,48687,15911
16262,15978,48559,16261,48486,48564,16211,48873,48896,16261,48628,48798,48691,48148,16259,48979,48686,16045
16396,16363,48898,16411,16220,48779,48268,48921,48863,16135,48899,15360,48715,48831,16295,48983,48780,15991
15810,48926,48675,49004,49070,15876,48943,49017,16120,48817,48981,16163,16331,49152,16481,48984,48706,16116
16217,15632,48841,16233,48618,48820,16163,48885,48898,16221,48817,48690,48525,15826,16264,48985,48653,16119
16256,48791,48794,16226,48717,48886,16103,48793,48921,16228,48702,48789,48764,15855,16262,49036,48712,16116
16419,16326,48609,16275,16255,48844,15518,16012,49061,15946,48112,49038,15898,48927,16262,49039,48649,15971
16208,48626,48857,16190,48600,48876,16065,48801,48954,16153,48788,48899,48657,48871,16204,48977,47984,16151
16159,48900,48860,16006,48925,48899,48900,49054,48811,15953,49008,15924,48885,49075,16356,48942,15280,16194
16241,48988,48796,16157,48982,48944,48698,48962,48964,16011,49024,48760,48890,48726,16258,48982,48582,16149
16234,48933,48797,16138,48894,48931,48838,48927,48974,15960,49036,48675,48939,48940,16257,48947,48698,16202
16129,48910,48852,16109,48897,48916,48764,48910,48937,16024,49012,48731,48954,48923,16152,48906,48430,16222
16196,49030,48728,16092,48993,48970,48856,48957,49002,16008,49036,48856,48918,48924,16009,48813,48080,16171
16159,49067,15941,15913,49040,48909,48687,48948,48951,16068,48999,48862,49018,49055,16188,15806,48517,16215
16075,49018,15759,15872,49026,48833,48901,49000,48900,48334,49059,48435,48993,48942,16161,15504,48569,16232
16073,49027,15915,15888,49027,48828,48893,48975,48903,15967,49034,48594,49029,48906,16048,48599,48725,16243
48302,48905,48619,16405,16387,48991,16302,16348,49158,48937,48936,49119,15516,16389,49174,48700,15924,16210
15899,49025,48728,48592,48930,48947,48928,48783,48902,48731,48954,48764,48855,48948,48644,48404,15926,16260
48579,49053,15737,48754,49038,48855,48913,48938,48864,48508,49002,48650,48925,48915,48490,15987,48112,16261
16088,49000,15948,15774,48981,48803,48941,48938,48852,48796,49047,48072,48974,48910,47776,15876,15790,16238
15643,49033,16030,48794,49032,48646,48987,48964,48738,48780,49031,15817,48989,48910,48348,16019,15623,16249
16268,48880,16056,49046,48988,48072,49222,49091,16195,49029,49081,16297,49109,49234,16420,16092,48676,16235
48863,48977,15919,48933,48943,48734,49002,48753,15953,48923,48938,16079,48951,48803,48928,16115,15779,16231
48558,48993,16025,48802,48994,48716,48969,48922,48580,48807,49012,16001,48988,48826,48893,16141,15532,16207
14720,48977,15987,48690,48983,48687,48929,48935,48665,48694,49020,15936,49032,48909,48680,16106,15751,16252
48997,49132,16036,49054,49110,48500,49014,49053,16116,48967,48989,16157,49052,49000,16196,15853,15698,16273
15928,48980,16032,48540,49008,15264,48909,48977,48136,48658,49014,16065,49007,48826,16013,15942,48397,16251
16174,48955,15956,16114,49016,48726,48719,49028,48808,15996,49038,15980,49039,48763,15837,15712,48640,16242
16288,48955,15008,16419,48821,48910,16365,16142,49164,48582,48959,49157,48387,16513,49216,48927,15912,16177
16185,48848,48883,16156,48869,48934,48644,48924,48972,16066,49005,48833,48956,48911,16160,48927,15821,16190
16262,48896,48794,16213,48906,48904,16011,48955,48972,16212,48909,48892,48704,48809,16156,48959,48455,16145
16245,48645,48828,16253,48783,48858,16138,48915,48966,16230,48867,48898,48785,48818,16252,48984,48455,16100
16282,16095,48816,16287,16034,48905,16274,48897,48965,16298,15788,48908,16132,48937,16385,48693,48824,15928
16213,15660,48860,16220,48514,48868,16163,48897,48893,16209,48797,48745,15721,15909,16238,48980,48759,16031
16292,16020,48847,16296,15865,48899,16216,48873,48962,16250,48785,48872,15997,48811,16280,48998,48710,15912
16200,16152,48812,16274,47952,48408,16218,48929,48901,16284,48298,48897,16024,15775,16265,49067,48777,15968
16244,0,48480,16222,48653,48547,16165,48838,48881,16210,15621,48870,16017,15464,16201,49014,48763,15765
16253,16072,48451,16201,48815,15916,16032,49059,15304,16258,48823,15981,48677,49035,16408,48983,48813,15937
16270,15914,48451,16270,48642,48468,16230,48899,48895,16274,48543,48811,48274,48586,16262,48986,48775,16019
16029,48885,48775,16056,48950,48685,16239,16111,48874,16174,16091,48877,48919,16254,48314,49024,48679,16120
16275,48824,48717,16257,48900,48805,16158,48967,48909,16260,48843,48669,15985,15996,16205,49025,48788,16059
16194,48849,48752,16162,48911,48786,16021,48949,48879,16173,48883,48636,48729,48802,16268,48975,48776,16118
16236,16023,48782,16267,15388,48733,16173,48847,48949,16220,48755,48936,48643,48872,16266,48970,15104,16006
16258,15878,48771,16261,48372,48770,16183,48831,48956,16231,48585,48935,15846,48765,16240,49010,48705,15944
16273,16157,48833,16308,16127,48807,16261,48691,48980,16268,15809,48950,15966,15655,16230,49021,48648,15952
16281,48785,48778,16276,48790,48867,16191,48892,48942,16259,48777,48848,16229,16228,47952,49075,48623,15734
16303,16285,48837,16342,16246,48819,16187,48739,48946,16183,48460,48778,16145,48715,16207,48980,48771,15918
15697,16200,48844,16003,16225,15858,16188,16185,15924,15955,16270,48610,16104,16128,16164,49046,48676,16016
16194,16072,48748,16200,15890,47872,16161,48833,48785,16173,15502,48639,15886,48839,16303,49038,48745,15542
15859,48781,48584,16147,48550,15759,16280,48643,48799,16271,16018,48845,16061,15883,16235,49008,48821,48276
16295,16109,48866,16282,16044,48898,16252,48816,48915,16258,48641,48791,16205,16161,16057,49040,48826,48741
15972,15874,48758,49029,49058,16074,48943,49100,16135,16179,48888,16106,16213,49143,16432,49009,48793,15618
16200,16144,48806,16257,16024,15558,16225,48688,48878,16209,15764,48933,16008,48634,16252,49023,48734,48664
16197,16020,48730,16106,48592,15765,48401,49001,15945,16144,15264,15994,16028,49029,16397,49025,48728,15873
48621,48592,48823,48782,48926,15964,48836,49021,16079,15817,48905,16173,16154,49057,16436,49049,48686,15895
16208,16126,48898,16236,16108,48828,16257,15871,48872,16244,16105,48864,16182,16103,16160,49024,48781,15546
16194,16094,48907,16221,16109,48878,16249,15857,48894,16233,16092,48869,16165,16088,16178,49025,48813,48382
16204,16155,48921,16212,16103,48888,16233,16012,48915,16255,16104,48906,16095,16055,16194,49014,48813,15659
48934,49155,48900,16177,48752,15819,16251,48919,48729,16224,48278,48749,16156,16044,16072,49038,48773,15968
16209,16178,48686,16260,16059,15768,16241,48679,48864,16214,15933,48918,15930,48598,16256,48993,48780,48448
16275,16198,48743,16303,16100,48604,16246,48765,48940,16256,15931,48934,16125,48172,16235,49007,48788,15612
16406,16463,49047,16426,16423,49034,16400,16215,49091,16333,16178,49071,16110,16223,48905,48922,48923,48140
16280,16150,48935,16297,16164,48950,16285,15986,49016,16271,16078,48984,15832,16007,16136,49002,48815,15856
16319,16175,48852,49034,48928,48826,49038,48869,16209,16250,49031,16276,16089,49030,16410,48983,48823,48482
16175,16147,48894,16234,16083,48792,16192,15622,48937,16155,15510,48956,48539,48854,16246,48968,48686,16017
16206,15934,48895,16225,15875,48848,16157,48656,48956,16169,48609,48947,15542,48812,16222,49002,48669,15999
16218,15750,48910,16229,15496,48896,16150,48763,48962,16196,48659,48927,15687,48790,16231,49027,48680,16016
16396,16413,49028,16399,16324,48958,16401,16033,49085,16355,16176,49084,16199,16020,16009,48903,48896,15884
16203,48356,48925,16212,48192,48923,16164,48743,48937,16207,48611,48872,16015,48326,16246,49001,48736,16011
16238,48483,48904,16247,48639,48917,16178,48871,48934,16236,48806,48826,16003,15775,16240,49006,48789,15915
16223,15352,48893,16223,48527,48902,16173,48851,48939,16233,48782,48873,16005,48571,16247,49006,48778,15935
16235,15943,48895,16232,15904,48883,16191,48631,48955,16211,48360,48935,15921,15472,16237,49016,48813,15626
16244,16147,48717,16270,16046,48649,16245,15643,48921,16154,15952,48967,48366,48750,16257,48948,48695,15864
16204,16086,48758,16230,15992,48641,16201,48594,48883,16162,15863,48937,16003,48585,16226,49001,48737,15436
48617,48923,48807,16343,16256,48809,16383,16220,49019,16188,16169,49056,16102,16246,48808,49043,48569,15992
16287,15655,48902,16271,15681,48926,16203,48853,48943,16244,48784,48875,16149,16057,16166,49049,48811,48762
16221,16046,48917,16253,15931,48885,16229,48769,48902,16255,15432,48842,16125,15972,16228,49010,48797,15653
16261,16029,48903,16264,15907,48895,16248,48747,48915,16263,15772,48846,16046,16017,16217,49023,48836,15679
16224,48814,48657,16185,48916,48744,16303,48775,48989,16322,48676,49031,16084,16153,16129,48957,48782,48691
16190,16224,48817,16267,16131,48601,16233,48607,48930,16165,48591,48979,15634,48862,16260,48932,48671,48818
16156,16173,48893,16221,16120,48756,16192,15850,48922,16133,15889,48951,15748,48783,16234,48981,48762,15897
16209,15104,48905,16222,48661,48896,16149,48817,48975,16200,48798,48940,48438,48906,16251,49013,48653,16007
16168,48686,48964,16152,48753,48958,15936,48919,48971,16154,48966,48859,16027,48705,16243,49042,48748,15312
16234,48672,48935,16228,48768,48942,16132,48921,48973,16224,48909,48847,15823,48731,16262,49000,48783,16043
16261,48871,48851,16266,48491,48980,16098,48831,49036,16178,48928,48920,15824,48521,16145,48975,48815,16129
16165,48056,48913,16203,48628,48916,15935,48884,48976,16138,48976,48912,48913,48932,16210,48933,48664,16090
16234,48866,48829,16211,48881,48919,15956,48929,49011,16166,48942,48942,48818,48924,16186,48954,48645,16145
16183,48844,48895,16154,48740,48953,15844,48775,48987,16070,48874,48921,48853,48915,16162,48952,48665,16175
16205,48900,48852,16182,48886,48931,15927,48919,49002,16165,48947,48929,48832,48944,16177,48939,48546,16169
16201,48891,48841,16178,48873,48929,15929,48904,48992,16148,48937,48913,48901,48944,16177,48932,48656,16186
16152,48994,48804,48708,49100,48747,48970,49045,48780,16015,49003,15743,48851,49023,16271,48921,48460,16197
16175,48922,48841,16127,48928,48919,48575,48957,48945,16070,49020,48755,48830,48833,16199,48970,48778,16185
16207,48940,48685,16157,48971,48864,15786,49003,48929,16151,49007,48686,48839,48906,16220,48908,48784,16210
16171,48931,48465,16104,48960,48813,48424,48969,48895,16092,48990,48569,48883,48918,16180,48802,48768,16229
16002,16127,48528,16000,48913,48681,49064,49030,48813,15655,49086,48556,48807,49040,16296,48717,15256,16158
15948,48985,48743,15570,48935,48927,48909,48844,48900,48485,48991,48594,48926,48927,15578,48764,15823,16252
15953,49044,15956,48763,49085,48693,49002,49085,48148,15820,49059,16123,48998,48981,16244,48522,48646,16260
16174,49019,16060,16064,49044,48665,48707,49035,48839,16103,49033,15844,48996,48834,16013,48742,48778,16238
48953,49051,15693,49024,49151,15909,49139,49192,16229,48917,49144,16281,48695,49156,16433,48866,48683,16276
